url,title
https://gihyo.jp/dp/ebook/2022/978-4-297-12849-4,今すぐ使えるかんたんEx 今すぐ使えるかんたんExMicrosoft Teams プロ技BESTセレクション
https://gihyo.jp/dp/ebook/2022/978-4-297-12847-0,達人が教えるWebパフォーマンスチューニング〜ISUCONから学ぶ高速化の実践
https://gihyo.jp/dp/ebook/2022/978-4-297-12843-2,ゼロからはじめる ゼロからはじめるFacebook フェイスブック 基本＆便利技
https://gihyo.jp/dp/ebook/2022/978-4-297-12857-9,図解即戦力 図解即戦力機械業界のしくみとビジネスがこれ1冊でしっかりわかる教科書
https://gihyo.jp/dp/ebook/2022/978-4-297-12829-6,分析が導く 最新SEOプラクティカルガイド
https://gihyo.jp/dp/ebook/2022/978-4-297-12796-1,スピードマスター スピードマスターAccessデータベース 用語図鑑
https://gihyo.jp/dp/ebook/2022/978-4-297-12831-9,動画の文法～トップ・プロが教える「伝わる動画」の作り方
https://gihyo.jp/dp/ebook/2022/978-4-297-12792-3,今すぐ使えるかんたん 今すぐ使えるかんたんOffice for Mac［Office 2021/Microsoft 365両対応］
https://gihyo.jp/dp/ebook/2022/978-4-297-12733-6,Software Design 2022年6月号
https://gihyo.jp/dp/ebook/2022/978-4-297-12808-1,図解即戦力 図解即戦力自動車業界のしくみとビジネスがこれ1冊でしっかりわかる教科書
https://gihyo.jp/dp/ebook/2022/978-4-297-12806-7,未来エコ実践テクノロジー 図解でわかるカーボンニュートラル燃料～脱炭素を実現する新バイオ燃料技術～
https://gihyo.jp/dp/ebook/2022/978-4-297-12794-7,図解即戦力 図解即戦力ネットワークのしくみと技術がこれ1冊でしっかりわかる本
https://gihyo.jp/dp/ebook/2022/978-4-297-12802-9,今すぐ使えるかんたん 今すぐ使えるかんたんWord＆Excel 2021［Office 2021/Microsoft 365両対応］
https://gihyo.jp/dp/ebook/2022/978-4-297-12871-5,ずかん はたらく微生物
https://gihyo.jp/dp/ebook/2022/978-4-297-12869-2,メディカル・ポケットブック コメディカルのための 内臓・循環器・神経ポケットアトラス
https://gihyo.jp/dp/ebook/2022/978-4-297-12817-3,御社のシステム発注は、なぜ「ベンダー選び」で失敗するのか
https://gihyo.jp/dp/ebook/2022/978-4-297-12833-3,最短突破 最短突破データサイエンティスト検定（リテラシーレベル）公式リファレンスブック 第2版
https://gihyo.jp/dp/ebook/2022/978-4-297-12810-4,標準テキスト 例題50＋演習問題100でしっかり学ぶ Word/Excel/PowerPoint標準テキスト Windows11/Office2021対応版
https://gihyo.jp/dp/ebook/2022/978-4-297-12766-4,図解即戦力 図解即戦力コンサルティング業界のしくみとビジネスがこれ1冊でしっかりわかる教科書
https://gihyo.jp/dp/ebook/2022/978-4-297-12636-0,ゼロからわかる ゼロからわかるTypeScript入門
https://gihyo.jp/dp/ebook/2022/978-4-297-12819-7,［改訂新版］Excel VBAをはじめるまえに絶対知っておきたい「マクロ」の本
https://gihyo.jp/dp/ebook/2022/978-4-297-12768-8,ゼロからはじめる ゼロからはじめるGoogleサービス 基本&便利技［iPhone & Android対応版］
https://gihyo.jp/dp/ebook/2022/978-4-297-12784-8,良いコード／悪いコードで学ぶ設計入門―保守しやすい 成長し続けるコードの書き方
https://gihyo.jp/dp/ebook/2022/978-4-297-12804-3,パワポで描く！ 図とイラスト～PowerPointによる教材・レポート・資料で使える素材の作成から動きのある表現まで
https://gihyo.jp/dp/ebook/2022/978-4-297-12821-0,ゼロからはじめる ゼロからはじめるiPhone SE 第3世代 スマートガイド ドコモ完全対応版
https://gihyo.jp/dp/ebook/2022/978-4-297-12825-8,ゼロからはじめる ゼロからはじめるiPhone SE 第3世代 スマートガイド au完全対応版
https://gihyo.jp/dp/ebook/2022/978-4-297-12823-4,ゼロからはじめる ゼロからはじめるiPhone SE 第3世代 スマートガイド ソフトバンク完全対応版
https://gihyo.jp/dp/ebook/2022/978-4-297-12780-0,Python × Math Pythonで理解する微分積分の基礎
https://gihyo.jp/dp/ebook/2022/978-4-297-12682-7,電子工作のための PIC18F Q シリーズ活用ガイドブック
https://gihyo.jp/dp/ebook/2022/978-4-297-12722-0,数学も英語も強くなる!直訳では伝わらない意外な数学英語たち
